Name,Password,APP_NAME,Username,Email,Internal	
Glacier Permafrost,9Z^g*F#VJGvO,ChillComm,glacierpermafrost,glacierpermafrost@glaciermail.com,False	
Glacier Glacier,b4*1xi5*kLoc,ArcticDocs,glacierglacier,glacierglacier@icevault.net,False	
Snow Ice,wXMEQJ#^rtVB,FrozenAssets,snowice,snowice@frostnet.org,False	
Arctic Snow,CmWAZjj!l^8h,PolarTrack,arcticsnow,arcticsnow@icehackers.net,False	
Frost Snow,XeN6ZRP4ri6B,SnowHaven,frostsnow,frostsnow@subzero.net,False	
Mira Frostbite,5reu#UIxD^tr,PolarAnalytics,mirafrostbite,mirafrostbite@icemail.org,False	
Arctic Whiteout,4Tl@Gh*zShV7,ChillComm,arcticwhiteout,arcticwhiteout@icevault.net,False	
Ice Frostbite,!gVUGLT@kddg,WhiteoutCloud,icefrostbite,icefrostbite@subzero.net,False	
Hail Shadow,uMG%rA0xW9Lw,FrostVault,hailshadow,hailshadow@glaciermail.com,False	
Frost Snow,XeN6ZRP4ri6B,ArcticDocs,frostsnow,frostsnow@subzero.net,False	
Snow Sentinel,KF$#xajFS%Di,PolarTrack,snowsentinel,snowsentinel@frostnet.org,False	
Vega Warden,iw9lmhRdO%Xs,HailNet,vegawarden,vegawarden@icemail.org,False	
Frost Whiteout,TtAkcz#eJkgf,IcicleDesk,frostwhiteout,frostwhiteout@frozenmail.org,False	
Rex Warden,e8SUiTi^LZWB,GlacierDocs,rexwarden,rexwarden@subzero.net,False	
Luna Frost,67$P&c&ICNoN,GlacierSync,lunafrost,lunafrost@snowsignal.org,False	
Luna Sentinel,OyrNCqn9j3q#,SnowFox,lunasentinel,lunasentinel@frostnet.org,False	
Perma Keeper,Zuc9Y!yosHQH,SnowSignal,permakeeper,permakeeper@icemail.org,False	
Snow Ghost,9J$cPsDHv3UM,CryoStorage,snowghost,snowghost@arcticmail.io,False	
Hail Whiteout,iocH!AbM$RJV,FrostGuard,hailwhiteout,hailwhiteout@icemail.org,False	
Glacier Snow,g0rU2rLWKp!d,SnowHaven,glaciersnow,glaciersnow@frostnet.org,False	
Nova Whiteout,Yzk8tPC!U&V6,GlacierSync,novawhiteout,novawhiteout@snowsignal.org,False	
Echo Wolf,*!6pt8FvblWx,ArcticCloud,echowolf,echowolf@subzero.net,False	
Snow Reaper,1Hl@67UN9FTE,FrozenAssets,snowreaper,snowreaper@subzero.net,False	
Nova Glacier,sYbsUz4!sHqq,ChillDrive,novaglacier,novaglacier@subzero.net,False	
Frost Snow,XeN6ZRP4ri6B,PolarTrack,frostsnow,frostsnow@subzero.net,False	
Sierra Shadow,lJ4z&f0wr!Vf,IceMatrix,sierrashadow,sierrashadow@icehackers.net,False	
White Fang,r#O$qcsP@CVL,FrozenCore,whitefang,whitefang@icevault.net,False	
Ice Frostbite,!gVUGLT@kddg,IceBridge,icefrostbite,icefrostbite@subzero.net,False	
Polar Frost,!*ZB0Tepp3lc,SnowFox,polarfrost,polarfrost@frostnet.org,False	
Arctic Reaper,Oyj6Kn#7!sTQ,IceMatrix,arcticreaper,arcticreaper@snowsignal.org,False	
Frost Snow,qtc9pYJyWlcA,ArcticPulse,frostsnow,frostsnow@icevault.net,False	
Snow Storm,qbIb#3vTJy&u,IcicleFiles,snowstorm,snowstorm@frostnet.org,False	
Arctic Snowshadow,aotpKbAr7h&G,PermaLink,arcticsnowshadow,arcticsnowshadow@subzero.net,False	
Luna Keeper,YgPH!4k&P@X*,IceSphere,lunakeeper,lunakeeper@subzero.net,False	
Snow Snowshadow,OBAjQGPza6Y%,ArcticFlow,snowsnowshadow,snowsnowshadow@frozenmail.org,False	
Perma Keeper,rLf6q*rdzjxu,AvalancheMail,permakeeper,permakeeper@chillmail.com,False	
Hail Shadow,uMG%rA0xW9Lw,SubZeroChat,hailshadow,hailshadow@glaciermail.com,False	
Mira Sentinel,U0fUIf85o2HP,IceHub,mirasentinel,mirasentinel@arcticmail.io,False	
Frost Snow,qtc9pYJyWlcA,SubZeroCore,frostsnow,frostsnow@icevault.net,False	
Arctic Whiteout,AzQntq7b#ftb,PermaLink,arcticwhiteout,arcticwhiteout@frozenmail.org,False	
White Ghost,JzE9u*Hu3akm,PolarAnalytics,whiteghost,whiteghost@snowsignal.org,False	
Echo Wolf,AgPeET%6HGHY,ChillDrive,echowolf,echowolf@arcticmail.io,False	
Vega Hailstorm,J8ozJgi#n8%z,HailstormHub,vegahailstorm,vegahailstorm@icemail.org,False	
Hail Shadow,Zpwm0bonIJ1Q,SnowSignal,hailshadow,hailshadow@icehackers.net,False	
Blizzard Snowshadow,hV@yE%H5nL!P,FrozenCore,blizzardsnowshadow,blizzardsnowshadow@frozenmail.org,False	
Hail Frostbite,CKM#9Z8yGim9,FrozenCore,hailfrostbite,hailfrostbite@subzero.net,False	
Arctic Snowshadow,aotpKbAr7h&G,CryoSync,arcticsnowshadow,arcticsnowshadow@subzero.net,False	
Echo Storm,ZVC1qJXYVyuX,IceHub,echostorm,echostorm@chillmail.com,False	
Arctic Snowshadow,aotpKbAr7h&G,ArcticPortal,arcticsnowshadow,arcticsnowshadow@subzero.net,False	
Hail Whiteout,iocH!AbM$RJV,GlacierSync,hailwhiteout,hailwhiteout@icemail.org,False	
Glacier Frost,E8C4VOOdYgwm,FrozenQueue,glacierfrost,glacierfrost@glaciermail.com,False	
Nova Blizzard,eT8Sv0KZ8*eb,GlacierVault,novablizzard,novablizzard@icemail.org,False	
Arctic Glacier,7mR8y@t@$G*g,CryoConnect,arcticglacier,arcticglacier@icemail.org,False	
Glacier Frost,E8C4VOOdYgwm,ArcticPortal,glacierfrost,glacierfrost@glaciermail.com,False	
Kai Fang,uUzqZ!G69pjO,HailNet,kaifang,kaifang@frostnet.org,False	
Glacier Fang,#IEdPmpqJmMd,PolarAnalytics,glacierfang,glacierfang@snowsignal.org,False	
Ice Glacier,gm75Es7Ll7as,ArcticCloud,iceglacier,iceglacier@glaciermail.com,False	
Glacier Blizzard,aAXGRQ%t&5En,PolarEdge,glacierblizzard,glacierblizzard@glaciermail.com,False	
Frost Ghost,Qxt&!eix0vk2,IcicleFiles,frostghost,frostghost@frozenmail.org,False	
Glacier Storm,DM@g9LpvHF&l,PermaLink,glacierstorm,glacierstorm@icehackers.net,False	
Snow Reaper,1Hl@67UN9FTE,PermafrostCore,snowreaper,snowreaper@subzero.net,False	
Vega Permafrost,Yfv4tt#wdSWB,IceHub,vegapermafrost,vegapermafrost@chillmail.com,False	
Polar Ghost,BuRz70^Qf9UU,GlacierVault,polarghost,polarghost@frostnet.org,False	
Hail Frostbite,CKM#9Z8yGim9,FrostVault,hailfrostbite,hailfrostbite@subzero.net,False	
Kai Fang,uUzqZ!G69pjO,FrostVault,kaifang,kaifang@frostnet.org,False	
Arctic Keeper,ZdM2cVinqRNg,IceSphere,arctickeeper,arctickeeper@chillmail.com,False	
Blizzard Warden,8Js*08!fkJDY,CryoStorage,blizzardwarden,blizzardwarden@frozenmail.org,False	
Glacier Ghost,y5i5it7hW!V$,IceSphere,glacierghost,glacierghost@chillmail.com,False	
Perma Snowshadow,F7jokvrGFW5J,PermaLink,permasnowshadow,permasnowshadow@icevault.net,False	
Vega Warden,iw9lmhRdO%Xs,GlacierDocs,vegawarden,vegawarden@icemail.org,False	
Polar Whiteout,UrDh2yFenD!p,FrozenFleet,polarwhiteout,polarwhiteout@icehackers.net,False	
Nova Snow,A3gUEsu%@3HU,BlizzardAPI,novasnow,novasnow@glaciermail.com,False	
Arctic Frostbite,rp6y@Q7TOou0,ArcticPulse,arcticfrostbite,arcticfrostbite@chillmail.com,False	
Ice Snowshadow,cieDBRX6Cw@H,IceMatrix,icesnowshadow,icesnowshadow@icemail.org,False	
Kai Snow,UcdW2SR7JD6h,GlacierVault,kaisnow,kaisnow@arcticmail.io,False	
Vega Hailstorm,J8ozJgi#n8%z,CryoSync,vegahailstorm,vegahailstorm@icemail.org,False	
Chill Reaper,a1LxHS1ChjXp,ArcticFlow,chillreaper,chillreaper@icevault.net,False	
Perma Ice,q!IAZ934H3f$,IceHub,permaice,permaice@icemail.org,False	
Arctic Frostbite,rp6y@Q7TOou0,Snowstorm,arcticfrostbite,arcticfrostbite@chillmail.com,False	
Glacier Fang,o0aRiGP!7Njm,SubZeroCore,glacierfang,glacierfang@arcticmail.io,False	
Frost Keeper,a3QBG5G%B9RL,SnowFox,frostkeeper,frostkeeper@glaciermail.com,False	
Mira Hailstorm,klLE8#**ql0S,WhiteoutManager,mirahailstorm,mirahailstorm@subzero.net,False	
Snow Whiteout,66$qf!fx%RDk,SnowSignal,snowwhiteout,snowwhiteout@subzero.net,False	
Ice Snowshadow,cieDBRX6Cw@H,GlacierSync,icesnowshadow,icesnowshadow@icemail.org,False	
Frost Keeper,a3QBG5G%B9RL,ArcticPortal,frostkeeper,frostkeeper@glaciermail.com,False	
Kai Blizzard,W1Ir@K81L^Ru,SubZeroCore,kaiblizzard,kaiblizzard@icevault.net,False	
Polar Ghost,BuRz70^Qf9UU,SubZeroCRM,polarghost,polarghost@frostnet.org,False	
Glacier Storm,DM@g9LpvHF&l,WhiteoutCloud,glacierstorm,glacierstorm@icehackers.net,False	
Sierra Reaper,LjsJfLwToZW8,ArcticDocs,sierrareaper,sierrareaper@glaciermail.com,False	
Orion Frost,ed5yXWtM1rdK,IceMatrix,orionfrost,orionfrost@snowsignal.org,False	
Frost Ghost,Qxt&!eix0vk2,PermafrostDesk,frostghost,frostghost@frozenmail.org,False	
Arctic Whiteout,AzQntq7b#ftb,IceSphere,arcticwhiteout,arcticwhiteout@frozenmail.org,False	
Glacier Snow,g0rU2rLWKp!d,ChillComm,glaciersnow,glaciersnow@frostnet.org,False	
Orion Keeper,yhm9c$6jwo^7,PolarEdge,orionkeeper,orionkeeper@snowsignal.org,False	
Hail Frostbite,CKM#9Z8yGim9,SnowFox,hailfrostbite,hailfrostbite@subzero.net,False	
Snow Glacier,hDa728yG#sBM,SubZeroCore,snowglacier,snowglacier@icemail.org,False	
Kai Keeper,1yBc@FsEx15y,BlizzardAPI,kaikeeper,kaikeeper@chillmail.com,False	
Polar Ghost,K0CnK%yy%%3w,FrostField,polarghost,polarghost@subzero.net,False	
Sierra Shadow,lJ4z&f0wr!Vf,IcicleDesk,sierrashadow,sierrashadow@icehackers.net,False	
Vega Shadow,m!0O1qRH8afk,ArcticPulse,vegashadow,vegashadow@arcticmail.io,False	
Glacier Warden,tU!EWKlpzFTP,SnowHaven,glacierwarden,glacierwarden@chillmail.com,False	
Vega Warden,EtavWIr2OdP8,ChillDrive,vegawarden,vegawarden@frozenmail.org,False	
Arctic Reaper,Oyj6Kn#7!sTQ,SubZeroChat,arcticreaper,arcticreaper@snowsignal.org,False	
Frost Hailstorm,jU0nZaC*8SrB,Snowstorm,frosthailstorm,frosthailstorm@chillmail.com,False	
Frost Keeper,a3QBG5G%B9RL,SnowSignal,frostkeeper,frostkeeper@glaciermail.com,False	
Polar Frostbite,6Q8X9RtuxGFF,CryoSync,polarfrostbite,polarfrostbite@icevault.net,False	
Chill Frostbite,aHaqHpY#Hvlr,GlacierVault,chillfrostbite,chillfrostbite@chillmail.com,False	
Nova Glacier,sYbsUz4!sHqq,CryoStorage,novaglacier,novaglacier@subzero.net,False	
Blizzard Snowshadow,hV@yE%H5nL!P,FrozenQueue,blizzardsnowshadow,blizzardsnowshadow@frozenmail.org,False	
Luna Storm,yJW0p^&ru%6&,GlacierVault,lunastorm,lunastorm@icemail.org,False	
Ice Glacier,gm75Es7Ll7as,FrozenCore,iceglacier,iceglacier@glaciermail.com,False	
Rex Frost,NrHkT5vQR&wS,FrostGuard,rexfrost,rexfrost@icemail.org,False	
Blizzard Ghost,#QWicFFKs8To,GlacierDocs,blizzardghost,blizzardghost@glaciermail.com,False	
Frost Whiteout,TtAkcz#eJkgf,AvalancheMail,frostwhiteout,frostwhiteout@frozenmail.org,False	
Orion Fang,H^UDu&XA2kI7,FrostVault,orionfang,orionfang@snowsignal.org,False	
Glacier Ghost,y5i5it7hW!V$,BlizzardStream,glacierghost,glacierghost@chillmail.com,False	
Sierra Ice,%zEeI2jSLtTz,CryoStorage,sierraice,sierraice@icemail.org,False	
Perma Ghost,e69fpoiTNT@P,GlacierDocs,permaghost,permaghost@chillmail.com,False	
Orion Fang,H^UDu&XA2kI7,ArcticFlow,orionfang,orionfang@snowsignal.org,False	
Arctic Whiteout,AzQntq7b#ftb,PermafrostCore,arcticwhiteout,arcticwhiteout@frozenmail.org,False	
White Ice,TOBEp$#3q&hB,AvalancheMail,whiteice,whiteice@snowsignal.org,False	
Nova Snowshadow,ZpO0456sKcjw,BlizzardAPI,novasnowshadow,novasnowshadow@icehackers.net,False	
Glacier Snow,g0rU2rLWKp!d,FrostField,glaciersnow,glaciersnow@frostnet.org,False	
Luna Wolf,qU8zI@VE9I^T,PolarAnalytics,lunawolf,lunawolf@icemail.org,False	
Mira Blizzard,e*IOJ11&dAI7,CryoSync,mirablizzard,mirablizzard@snowsignal.org,False	
Arctic Snowshadow,aotpKbAr7h&G,IceHub,arcticsnowshadow,arcticsnowshadow@subzero.net,False	
Orion Whiteout,6U5&&Istmqd^,Snowstorm,orionwhiteout,orionwhiteout@frostnet.org,False	
Nova Snowshadow,ZpO0456sKcjw,SnowFox,novasnowshadow,novasnowshadow@icehackers.net,False	
Arctic Frostbite,rp6y@Q7TOou0,ArcticDocs,arcticfrostbite,arcticfrostbite@chillmail.com,False	
Polar Reaper,eDwBLQrLMh!B,FrostGuard,polarreaper,polarreaper@snowsignal.org,False	
Nova Blizzard,eT8Sv0KZ8*eb,GlacierDocs,novablizzard,novablizzard@icemail.org,False	
Nova Ice,uUAAonO%p03r,WhiteoutManager,novaice,novaice@subzero.net,False	
Blizzard Byte,BsH*bXSq$hQi,IcicleFiles,blizzardbyte,blizzardbyte@snowsignal.org,False	
Kai Keeper,&K0M3j7WiEmE,ChillComm,kaikeeper,kaikeeper@arcticmail.io,False	
Orion Snow,Ggy*ZNrCNtr3,FrostChain,orionsnow,orionsnow@subzero.net,False	
Hail Shadow,uMG%rA0xW9Lw,ChillComm,hailshadow,hailshadow@glaciermail.com,False	
Kai Blizzard,W1Ir@K81L^Ru,Snowstorm,kaiblizzard,kaiblizzard@icevault.net,False	
Mira Frostbite,i@N3o3PvT0Ts,BlizzardAPI,mirafrostbite,mirafrostbite@arcticmail.io,False	
Mira Byte,#X7CoUwBNRgQ,ArcticCloud,mirabyte,mirabyte@glaciermail.com,False	
Kai Fang,uUzqZ!G69pjO,PermafrostDesk,kaifang,kaifang@frostnet.org,False	
Echo Wolf,*!6pt8FvblWx,IceMatrix,echowolf,echowolf@subzero.net,False	
Frost Keeper,a3QBG5G%B9RL,IcicleDesk,frostkeeper,frostkeeper@glaciermail.com,False	
Blizzard Warden,8Js*08!fkJDY,SubZeroChat,blizzardwarden,blizzardwarden@frozenmail.org,False	
Rex Warden,e8SUiTi^LZWB,FrozenFleet,rexwarden,rexwarden@subzero.net,False	
Echo Wolf,AgPeET%6HGHY,ChillDrive,echowolf,echowolf@arcticmail.io,False	
Blizzard Warden,8Js*08!fkJDY,IceHub,blizzardwarden,blizzardwarden@frozenmail.org,False	
Polar Whiteout,UrDh2yFenD!p,ArcticPortal,polarwhiteout,polarwhiteout@icehackers.net,False	
Frost Frost,#aT*9iuqnLMx,ArcticCloud,frostfrost,frostfrost@frozenmail.org,False	
Kai Keeper,1yBc@FsEx15y,ArcticPulse,kaikeeper,kaikeeper@chillmail.com,False	
Perma Warden,TspoT4cIwC6d,IceHub,permawarden,permawarden@frostnet.org,False	
Mira Whiteout,lCOQWv1YsrtT,ChillComm,mirawhiteout,mirawhiteout@icehackers.net,False	
Perma Ice,v4JKA*NZqOxg,IcicleFiles,permaice,permaice@subzero.net,False	
Ice Sentinel,594tG5XS9&tw,SnowOps,icesentinel,icesentinel@chillmail.com,False	
Chill Byte,*3JzGjHI%@oX,CryoConnect,chillbyte,chillbyte@subzero.net,False	
Nova Blizzard,eT8Sv0KZ8*eb,CryoStorage,novablizzard,novablizzard@icemail.org,False	
Luna Wolf,cybZs*MiFE8e,SnowHaven,lunawolf,lunawolf@snowsignal.org,False	
Vega Wolf,Vi25Hjc7XuSt,ArcticDocs,vegawolf,vegawolf@icevault.net,False	
Frost Ghost,Qxt&!eix0vk2,IceBridge,frostghost,frostghost@frozenmail.org,False	
Vega Byte,9S^2fvxOn*4v,PermafrostCore,vegabyte,vegabyte@glaciermail.com,False	
Vega Reaper,FpA8U6DgQ9s3,WhiteoutCloud,vegareaper,vegareaper@icemail.org,False	
Kai Warden,myqbWjigG70U,IceBridge,kaiwarden,kaiwarden@subzero.net,False	
Luna Wolf,qU8zI@VE9I^T,AvalancheMail,lunawolf,lunawolf@icemail.org,False	
Perma Ice,v4JKA*NZqOxg,CryoStorage,permaice,permaice@subzero.net,False	
Chill Frostbite,aHaqHpY#Hvlr,SnowSignal,chillfrostbite,chillfrostbite@chillmail.com,False	
Nova Snowshadow,ZpO0456sKcjw,FrostVault,novasnowshadow,novasnowshadow@icehackers.net,False	
Arctic Blizzard,ZLqG67miwJ9c,IceMatrix,arcticblizzard,arcticblizzard@frostnet.org,False	
Arctic Keeper,ZdM2cVinqRNg,ChillComm,arctickeeper,arctickeeper@chillmail.com,False	
White Ghost,JzE9u*Hu3akm,FrostField,whiteghost,whiteghost@snowsignal.org,False	
Ice Sentinel,594tG5XS9&tw,SubZeroCore,icesentinel,icesentinel@chillmail.com,False	
Luna Wolf,qU8zI@VE9I^T,ArcticFlow,lunawolf,lunawolf@icemail.org,False	
Polar Frost,VDTCmzGQOo&x,SubZeroCRM,polarfrost,polarfrost@frostnet.org,False	
Glacier Storm,DM@g9LpvHF&l,Snowstorm,glacierstorm,glacierstorm@icehackers.net,False	
Snow Warden,bXy0GjyV24um,Snowflake,snowwarden,snowwarden@snowsignal.org,True	
Sierra Blizzard,7jO^NZ9@CY0r,FrozenCore,sierrablizzard,sierrablizzard@icevault.net,False	
Perma Ice,q!IAZ934H3f$,FrozenFleet,permaice,permaice@icemail.org,False	
Luna Frost,67$P&c&ICNoN,PolarEdge,lunafrost,lunafrost@snowsignal.org,False	
Luna Warden,NbA#b5DRz&9H,GlacierSync,lunawarden,lunawarden@snowsignal.org,False	
Glacier Byte,!YXBiIjwV1CR,GlacierVault,glacierbyte,glacierbyte@icehackers.net,False	
Luna Wolf,qU8zI@VE9I^T,IcicleFiles,lunawolf,lunawolf@icemail.org,False	
Kai Keeper,1yBc@FsEx15y,SnowHaven,kaikeeper,kaikeeper@chillmail.com,False	
Snow Ghost,9J$cPsDHv3UM,ArcticCloud,snowghost,snowghost@arcticmail.io,False	
Mira Storm,43RlfqUfCJ2P,SnowFox,mirastorm,mirastorm@icevault.net,False	
Rex Frost,NrHkT5vQR&wS,WhiteoutManager,rexfrost,rexfrost@icemail.org,False	
Blizzard Byte,BsH*bXSq$hQi,GlacierVault,blizzardbyte,blizzardbyte@snowsignal.org,False	
Glacier Wolf,RbvSbpX8h6YU,WhiteoutManager,glacierwolf,glacierwolf@icehackers.net,False	
Ice Byte,FjkgLO*X54OI,ArcticPortal,icebyte,icebyte@frozenmail.org,False	
Nova Storm,hnZUNjMEawzW,FrozenAssets,novastorm,novastorm@snowsignal.org,False	
Sierra Reaper,LjsJfLwToZW8,PolarAnalytics,sierrareaper,sierrareaper@glaciermail.com,False	
Arctic Snow,CmWAZjj!l^8h,CryoStorage,arcticsnow,arcticsnow@icehackers.net,False	
Chill Reaper,a1LxHS1ChjXp,BlizzardAPI,chillreaper,chillreaper@icevault.net,False	
Chill Reaper,co$RTolKoR0#,SubZeroCRM,chillreaper,chillreaper@arcticmail.io,False	
Snow Reaper,1Hl@67UN9FTE,ArcticFlow,snowreaper,snowreaper@subzero.net,False	
Hail Whiteout,iocH!AbM$RJV,SnowOps,hailwhiteout,hailwhiteout@icemail.org,False	
Arctic Hailstorm,7XXT%wHP8#$R,SubZeroCore,arctichailstorm,arctichailstorm@glaciermail.com,False	
Perma Ice,v4JKA*NZqOxg,FrostChain,permaice,permaice@subzero.net,False	
Ice Byte,FjkgLO*X54OI,PolarTrack,icebyte,icebyte@frozenmail.org,False	
Polar Frost,VDTCmzGQOo&x,IceBridge,polarfrost,polarfrost@frostnet.org,False	
Nova Keeper,E&vgj%RP$U3M,WhiteoutCloud,novakeeper,novakeeper@subzero.net,False	
Nova Ice,uUAAonO%p03r,FrozenFleet,novaice,novaice@subzero.net,False	
Kai Keeper,&K0M3j7WiEmE,FrozenCore,kaikeeper,kaikeeper@arcticmail.io,False	
Arctic Whiteout,4Tl@Gh*zShV7,AvalancheMail,arcticwhiteout,arcticwhiteout@icevault.net,False	
Frost Glacier,$RIemaX7sK^m,PolarTrack,frostglacier,frostglacier@glaciermail.com,False	
Snow Frostbite,c@#EpeRbN6bV,CryoConnect,snowfrostbite,snowfrostbite@frostnet.org,False	
Snow Sentinel,KF$#xajFS%Di,SubZeroCore,snowsentinel,snowsentinel@frostnet.org,False	
White Ghost,JzE9u*Hu3akm,ArcticDocs,whiteghost,whiteghost@snowsignal.org,False	
Snow Snowshadow,OBAjQGPza6Y%,ArcticPulse,snowsnowshadow,snowsnowshadow@frozenmail.org,False	
Sierra Warden,FT*Aw@PvbN45,Snowstorm,sierrawarden,sierrawarden@glaciermail.com,False	
Sierra Frost,4^uy0sA3rM9k,IcicleDesk,sierrafrost,sierrafrost@icemail.org,False	
Ice Whiteout,hDJQjMKHvSsY,ArcticDocs,icewhiteout,icewhiteout@icemail.org,False	
Hail Whiteout,iocH!AbM$RJV,SubZeroChat,hailwhiteout,hailwhiteout@icemail.org,False	
Glacier Reaper,ltpiICEmHoDP,BlizzardStream,glacierreaper,glacierreaper@arcticmail.io,False	
Snow Snowshadow,OBAjQGPza6Y%,CryoSync,snowsnowshadow,snowsnowshadow@frozenmail.org,False	
Frost Glacier,$RIemaX7sK^m,CryoSync,frostglacier,frostglacier@glaciermail.com,False	
Orion Storm,uFza$6vNL%pc,ArcticFlow,orionstorm,orionstorm@frozenmail.org,False	
White Hailstorm,3CaC1c@l@3Mk,CryoSync,whitehailstorm,whitehailstorm@icehackers.net,False	
Frost Snow,XeN6ZRP4ri6B,PolarAnalytics,frostsnow,frostsnow@subzero.net,False	
Chill Blizzard,vy6V4hroMBi#,PermafrostDesk,chillblizzard,chillblizzard@snowsignal.org,False	
Rex Warden,!gASw39b5nyw,PermafrostCore,rexwarden,rexwarden@glaciermail.com,False	
Luna Fang,b$oH%SQd7ZMm,ChillComm,lunafang,lunafang@glaciermail.com,False	
Blizzard Byte,BsH*bXSq$hQi,SnowOps,blizzardbyte,blizzardbyte@snowsignal.org,False	
Vega Wolf,Vi25Hjc7XuSt,ArcticFlow,vegawolf,vegawolf@icevault.net,False	
Arctic Snow,ja7Ltx@7kcMQ,ArcticFlow,arcticsnow,arcticsnow@snowsignal.org,False	
Polar Whiteout,UrDh2yFenD!p,SnowOps,polarwhiteout,polarwhiteout@icehackers.net,False	
Echo Sentinel,U*m9SiF@DShO,SubZeroCRM,echosentinel,echosentinel@icemail.org,False	
Vega Byte,9S^2fvxOn*4v,FrozenCore,vegabyte,vegabyte@glaciermail.com,False	
Perma Wolf,m7!3VvY$O2s!,SubZeroCRM,permawolf,permawolf@icehackers.net,False	
Arctic Keeper,ZdM2cVinqRNg,GlacierSync,arctickeeper,arctickeeper@chillmail.com,False	
Perma Keeper,Zuc9Y!yosHQH,PolarTrack,permakeeper,permakeeper@icemail.org,False	
Luna Warden,IKAZDikT4HtP,AvalancheMail,lunawarden,lunawarden@icevault.net,False	
Echo Wolf,AgPeET%6HGHY,IceBridge,echowolf,echowolf@arcticmail.io,False	
Kai Snow,UcdW2SR7JD6h,CryoSync,kaisnow,kaisnow@arcticmail.io,False	
Nova Storm,hnZUNjMEawzW,GlacierFlow,novastorm,novastorm@snowsignal.org,False	
Orion Fang,H^UDu&XA2kI7,PermaLink,orionfang,orionfang@snowsignal.org,False	
Nova Whiteout,2y3s^oU9H7LP,ArcticPortal,novawhiteout,novawhiteout@icevault.net,False	
Frost Warden,QsE!VVH5A6x!,BlizzardAPI,frostwarden,frostwarden@icemail.org,False	
Snow Warden,bXy0GjyV24um,SubZeroCRM,snowwarden,snowwarden@snowsignal.org,False	
Frost Ghost,Qxt&!eix0vk2,PermaLink,frostghost,frostghost@frozenmail.org,False	
Ice Warden,G4Ff7NG3T@@y,ChillDrive,icewarden,icewarden@frozenmail.org,False	
Arctic Whiteout,4Tl@Gh*zShV7,SnowFox,arcticwhiteout,arcticwhiteout@icevault.net,False	
Mira Keeper,*6KFCtztvZ*L,BlizzardStream,mirakeeper,mirakeeper@frostnet.org,False	
Ice Frostbite,!gVUGLT@kddg,WhiteoutManager,icefrostbite,icefrostbite@subzero.net,False	
Sierra Fang,DcjyWK$aKLku,FrostVault,sierrafang,sierrafang@snowsignal.org,False	
Vega Wolf,Vi25Hjc7XuSt,WhiteoutCloud,vegawolf,vegawolf@icevault.net,False	
Luna Blizzard,eqS@VGJY38vP,SubZeroCRM,lunablizzard,lunablizzard@frostnet.org,False	
Hail Frostbite,CKM#9Z8yGim9,GlacierDocs,hailfrostbite,hailfrostbite@subzero.net,False	
White Shadow,PKyTUnf*nxAx,PolarAnalytics,whiteshadow,whiteshadow@chillmail.com,False	
Frost Ghost,Qxt&!eix0vk2,ChillDrive,frostghost,frostghost@frozenmail.org,False	
Echo Sentinel,U*m9SiF@DShO,IceSphere,echosentinel,echosentinel@icemail.org,False	
Perma Keeper,Zuc9Y!yosHQH,FrostVault,permakeeper,permakeeper@icemail.org,False	
Vega Shadow,m!0O1qRH8afk,CryoConnect,vegashadow,vegashadow@arcticmail.io,False	
Perma Warden,TspoT4cIwC6d,Snowstorm,permawarden,permawarden@frostnet.org,False	
Perma Keeper,Zuc9Y!yosHQH,IceBridge,permakeeper,permakeeper@icemail.org,False	
Glacier Warden,tU!EWKlpzFTP,CryoSync,glacierwarden,glacierwarden@chillmail.com,False	
Ice Glacier,gm75Es7Ll7as,HailstormHub,iceglacier,iceglacier@glaciermail.com,False	
Mira Frostbite,i@N3o3PvT0Ts,PermafrostCore,mirafrostbite,mirafrostbite@arcticmail.io,False	
Nova Ice,uUAAonO%p03r,FrostField,novaice,novaice@subzero.net,False	
Rex Wolf,#wImv&aItFtB,ArcticCloud,rexwolf,rexwolf@arcticmail.io,False	
Arctic Snow,CmWAZjj!l^8h,ArcticFlow,arcticsnow,arcticsnow@icehackers.net,False	
Snow Glacier,hDa728yG#sBM,FrostVault,snowglacier,snowglacier@icemail.org,False	
Glacier Byte,!YXBiIjwV1CR,PolarEdge,glacierbyte,glacierbyte@icehackers.net,False	
Arctic Frostbite,rp6y@Q7TOou0,FrozenQueue,arcticfrostbite,arcticfrostbite@chillmail.com,False	
Perma Fang,^M*GS04xMPWj,GlacierSync,permafang,permafang@arcticmail.io,False	
Nova Snowshadow,WW82C4QXL*%c,IcicleDesk,novasnowshadow,novasnowshadow@frostnet.org,False	
Arctic Keeper,ZdM2cVinqRNg,BlizzardAPI,arctickeeper,arctickeeper@chillmail.com,False	
Kai Frostbite,IAjDT%niamGO,PermaLink,kaifrostbite,kaifrostbite@chillmail.com,False	
Glacier Wolf,RbvSbpX8h6YU,ChillComm,glacierwolf,glacierwolf@icehackers.net,False	
Arctic Whiteout,AzQntq7b#ftb,IceMatrix,arcticwhiteout,arcticwhiteout@frozenmail.org,False	
Echo Wolf,AgPeET%6HGHY,GlacierFlow,echowolf,echowolf@arcticmail.io,False	
Rex Sentinel,LYRsVEtlEcFF,ChillComm,rexsentinel,rexsentinel@icehackers.net,False	
Luna Sentinel,OyrNCqn9j3q#,SubZeroCRM,lunasentinel,lunasentinel@frostnet.org,False	
Ice Sentinel,594tG5XS9&tw,SnowFox,icesentinel,icesentinel@chillmail.com,False	
Rex Wolf,#wImv&aItFtB,GlacierSync,rexwolf,rexwolf@arcticmail.io,False	
Perma Frostbite,zJ@eRG4h6OG#,ArcticPortal,permafrostbite,permafrostbite@chillmail.com,False	
Sierra Fang,DcjyWK$aKLku,ChillDrive,sierrafang,sierrafang@snowsignal.org,False	
Ice Snowshadow,cieDBRX6Cw@H,FrostVault,icesnowshadow,icesnowshadow@icemail.org,False	
Chill Frostbite,aHaqHpY#Hvlr,FrostChain,chillfrostbite,chillfrostbite@chillmail.com,False	
Sierra Ghost,%a#fiMXUzutS,PermaLink,sierraghost,sierraghost@icemail.org,False	
Glacier Storm,DM@g9LpvHF&l,SnowSignal,glacierstorm,glacierstorm@icehackers.net,False	
Perma Ice,q!IAZ934H3f$,IceMatrix,permaice,permaice@icemail.org,False	
Glacier Permafrost,9Z^g*F#VJGvO,ArcticPulse,glacierpermafrost,glacierpermafrost@glaciermail.com,False	
Arctic Blizzard,0NFu%zwPsx6F,BlizzardAPI,arcticblizzard,arcticblizzard@arcticmail.io,False	
Vega Hailstorm,xcW%aOUVlzrC,IcicleFiles,vegahailstorm,vegahailstorm@arcticmail.io,False	
White Frostbite,1EDTiJteb2hv,IceMatrix,whitefrostbite,whitefrostbite@frostnet.org,False	
Nova Shadow,n^Z$Q40%SAQC,ChillDrive,novashadow,novashadow@frozenmail.org,False	
Mira Frostbite,i@N3o3PvT0Ts,PermafrostDesk,mirafrostbite,mirafrostbite@arcticmail.io,False	
Mira Byte,#X7CoUwBNRgQ,ArcticPortal,mirabyte,mirabyte@glaciermail.com,False	
Hail Frostbite,CKM#9Z8yGim9,HailNet,hailfrostbite,hailfrostbite@subzero.net,False	
Nova Glacier,82&A!Qf9#wdG,ArcticPulse,novaglacier,novaglacier@snowsignal.org,False	
Sierra Warden,FT*Aw@PvbN45,IcicleFiles,sierrawarden,sierrawarden@glaciermail.com,False	
Luna Blizzard,eqS@VGJY38vP,BlizzardAPI,lunablizzard,lunablizzard@frostnet.org,False	
Rex Glacier,r&pdAy*GK3Pz,SubZeroChat,rexglacier,rexglacier@snowsignal.org,False	
Blizzard Warden,8Js*08!fkJDY,PermaLink,blizzardwarden,blizzardwarden@frozenmail.org,False	
Rex Frost,NrHkT5vQR&wS,ArcticCloud,rexfrost,rexfrost@icemail.org,False	
Arctic Whiteout,4Tl@Gh*zShV7,SnowSignal,arcticwhiteout,arcticwhiteout@icevault.net,False	
Chill Frostbite,aHaqHpY#Hvlr,SnowFox,chillfrostbite,chillfrostbite@chillmail.com,False	
Blizzard Keeper,Q0naUF!9sxmW,SnowFox,blizzardkeeper,blizzardkeeper@frozenmail.org,False	
Perma Keeper,rLf6q*rdzjxu,IceHub,permakeeper,permakeeper@chillmail.com,False	
Echo Ice,dEayxy3wqsgV,ArcticDocs,echoice,echoice@frostnet.org,False	
Frost Whiteout,TtAkcz#eJkgf,HailNet,frostwhiteout,frostwhiteout@frozenmail.org,False	
Nova Blizzard,eT8Sv0KZ8*eb,FrostVault,novablizzard,novablizzard@icemail.org,False	
Frost Whiteout,TtAkcz#eJkgf,ChillComm,frostwhiteout,frostwhiteout@frozenmail.org,False	
Polar Ghost,K0CnK%yy%%3w,ArcticFlow,polarghost,polarghost@subzero.net,False	
Orion Snow,Ggy*ZNrCNtr3,FrozenFleet,orionsnow,orionsnow@subzero.net,False	
Nova Snowshadow,ZpO0456sKcjw,ChillComm,novasnowshadow,novasnowshadow@icehackers.net,False	
Mira Storm,43RlfqUfCJ2P,IceMatrix,mirastorm,mirastorm@icevault.net,False	
Echo Frostbite,0^X8r3m!4x$Y,HailNet,echofrostbite,echofrostbite@frozenmail.org,False	
Orion Frost,ed5yXWtM1rdK,GlacierFlow,orionfrost,orionfrost@snowsignal.org,False	
Blizzard Keeper,Q0naUF!9sxmW,CryoSync,blizzardkeeper,blizzardkeeper@frozenmail.org,False	
Blizzard Hailstorm,e9sTApJh8Kk4,HailNet,blizzardhailstorm,blizzardhailstorm@subzero.net,False	
Vega Warden,iw9lmhRdO%Xs,IcicleFiles,vegawarden,vegawarden@icemail.org,False	
Hail Whiteout,iocH!AbM$RJV,ArcticPulse,hailwhiteout,hailwhiteout@icemail.org,False	
Nova Glacier,sYbsUz4!sHqq,GlacierSync,novaglacier,novaglacier@subzero.net,False	
Sierra Ghost,%a#fiMXUzutS,ChillComm,sierraghost,sierraghost@icemail.org,False	
Ice Glacier,gm75Es7Ll7as,SubZeroChat,iceglacier,iceglacier@glaciermail.com,False	
Frost Snow,XeN6ZRP4ri6B,FrozenFleet,frostsnow,frostsnow@subzero.net,False	
Kai Frostbite,IAjDT%niamGO,IcicleFiles,kaifrostbite,kaifrostbite@chillmail.com,False	
Echo Frostbite,0^X8r3m!4x$Y,FrostField,echofrostbite,echofrostbite@frozenmail.org,False	
Frost Warden,QsE!VVH5A6x!,ChillDrive,frostwarden,frostwarden@icemail.org,False	
Mira Frostbite,5reu#UIxD^tr,ArcticFlow,mirafrostbite,mirafrostbite@icemail.org,False	
Hail Frostbite,CKM#9Z8yGim9,GlacierSync,hailfrostbite,hailfrostbite@subzero.net,False	
Ice Frostbite,!gVUGLT@kddg,ArcticCloud,icefrostbite,icefrostbite@subzero.net,False	
Arctic Snow,ja7Ltx@7kcMQ,PermafrostDesk,arcticsnow,arcticsnow@snowsignal.org,False	
Snow Whiteout,66$qf!fx%RDk,FrostChain,snowwhiteout,snowwhiteout@subzero.net,False	
Snow Storm,lyfl2ShHu7^u,FrostField,snowstorm,snowstorm@glaciermail.com,False	
Nova Storm,hnZUNjMEawzW,PermaLink,novastorm,novastorm@snowsignal.org,False	
Luna Warden,NbA#b5DRz&9H,IceBridge,lunawarden,lunawarden@snowsignal.org,False	
Orion Storm,uFza$6vNL%pc,WhiteoutCloud,orionstorm,orionstorm@frozenmail.org,False	
Ice Frost,*RBLVUGoTPLi,BlizzardStream,icefrost,icefrost@arcticmail.io,False	
Glacier Permafrost,9Z^g*F#VJGvO,IceSphere,glacierpermafrost,glacierpermafrost@glaciermail.com,False	
Luna Storm,yJW0p^&ru%6&,IcicleFiles,lunastorm,lunastorm@icemail.org,False	
Hail Shadow,uMG%rA0xW9Lw,ArcticFlow,hailshadow,hailshadow@glaciermail.com,False	
Mira Sentinel,U0fUIf85o2HP,BlizzardAPI,mirasentinel,mirasentinel@arcticmail.io,False	
Mira Byte,#X7CoUwBNRgQ,PolarEdge,mirabyte,mirabyte@glaciermail.com,False	
Orion Fang,H^UDu&XA2kI7,PermafrostDesk,orionfang,orionfang@snowsignal.org,False	
Snow Reaper,1Hl@67UN9FTE,IceHub,snowreaper,snowreaper@subzero.net,False	
Perma Frost,!1%AZS4EECU!,IceHub,permafrost,permafrost@subzero.net,False	
Vega Blizzard,euOnDYz9VXtT,SnowFox,vegablizzard,vegablizzard@arcticmail.io,False	
Sierra Ghost,%a#fiMXUzutS,IcicleFiles,sierraghost,sierraghost@icemail.org,False	
Perma Keeper,4YZHAj80qi%V,GlacierVault,permakeeper,permakeeper@frozenmail.org,False	
Orion Snow,r3nb8^Dfyfc7,GlacierFlow,orionsnow,orionsnow@chillmail.com,False	
Polar Frost,VDTCmzGQOo&x,PermafrostCore,polarfrost,polarfrost@frostnet.org,False	
Perma Ghost,e69fpoiTNT@P,ArcticCloud,permaghost,permaghost@chillmail.com,False	
Chill Frostbite,aHaqHpY#Hvlr,WhiteoutCloud,chillfrostbite,chillfrostbite@chillmail.com,False	
Snow Frostbite,c@#EpeRbN6bV,SnowOps,snowfrostbite,snowfrostbite@frostnet.org,False	
Mira Blizzard,e*IOJ11&dAI7,BlizzardAPI,mirablizzard,mirablizzard@snowsignal.org,False	
Snow Warden,csXd^s&Hn%H4,IceHub,snowwarden,snowwarden@snowsignal.org,False	
Perma Frost,!1%AZS4EECU!,SubZeroCRM,permafrost,permafrost@subzero.net,False	
Vega Byte,QPZAj&3VWrgc,SnowHaven,vegabyte,vegabyte@glaciermail.com,False	
Ice Sentinel,594tG5XS9&tw,IceMatrix,icesentinel,icesentinel@chillmail.com,False	
Glacier Warden,oMng*zzvyy40,FrostVault,glacierwarden,glacierwarden@glaciermail.com,False	
Mira Byte,#X7CoUwBNRgQ,FrostGuard,mirabyte,mirabyte@glaciermail.com,False	
Nova Shadow,n^Z$Q40%SAQC,GlacierSync,novashadow,novashadow@frozenmail.org,False	
Frost Ghost,Qxt&!eix0vk2,GlacierFlow,frostghost,frostghost@frozenmail.org,False	
Vega Warden,EtavWIr2OdP8,HailNet,vegawarden,vegawarden@frozenmail.org,False	
Glacier Frost,E8C4VOOdYgwm,ChillComm,glacierfrost,glacierfrost@glaciermail.com,False	
Mira Blizzard,e*IOJ11&dAI7,PermafrostCore,mirablizzard,mirablizzard@snowsignal.org,False	
Polar Ghost,K0CnK%yy%%3w,HailNet,polarghost,polarghost@subzero.net,False	
Sierra Warden,FT*Aw@PvbN45,FrostGuard,sierrawarden,sierrawarden@glaciermail.com,False	
Arctic Frostbite,rp6y@Q7TOou0,IceHub,arcticfrostbite,arcticfrostbite@chillmail.com,False	
Kai Keeper,1yBc@FsEx15y,ArcticFlow,kaikeeper,kaikeeper@chillmail.com,False	
Ice Reaper,hWv%vj!YH%iK,FrostChain,icereaper,icereaper@snowsignal.org,False	
Perma Keeper,rLf6q*rdzjxu,PermaLink,permakeeper,permakeeper@chillmail.com,False	
Arctic Keeper,ZdM2cVinqRNg,AvalancheMail,arctickeeper,arctickeeper@chillmail.com,False	
Glacier Warden,tU!EWKlpzFTP,FrozenAssets,glacierwarden,glacierwarden@chillmail.com,False	
Orion Storm,uFza$6vNL%pc,SnowSignal,orionstorm,orionstorm@frozenmail.org,False	
Glacier Reaper,ltpiICEmHoDP,GlacierVault,glacierreaper,glacierreaper@arcticmail.io,False	
Blizzard Keeper,Q0naUF!9sxmW,GlacierVault,blizzardkeeper,blizzardkeeper@frozenmail.org,False	
Mira Keeper,*6KFCtztvZ*L,SnowOps,mirakeeper,mirakeeper@frostnet.org,False	
Vega Reaper,FpA8U6DgQ9s3,SnowSignal,vegareaper,vegareaper@icemail.org,False	
Ice Glacier,gm75Es7Ll7as,SnowOps,iceglacier,iceglacier@glaciermail.com,False	
Orion Snow,r3nb8^Dfyfc7,SnowFox,orionsnow,orionsnow@chillmail.com,False	
Ice Whiteout,sfLSk&K$uZmL,PolarAnalytics,icewhiteout,icewhiteout@frozenmail.org,False	
Hail Shadow,uMG%rA0xW9Lw,FrostField,hailshadow,hailshadow@glaciermail.com,False	
Vega Reaper,FpA8U6DgQ9s3,CryoStorage,vegareaper,vegareaper@icemail.org,False	
Arctic Reaper,Oyj6Kn#7!sTQ,HailNet,arcticreaper,arcticreaper@snowsignal.org,False	
White Frostbite,1EDTiJteb2hv,IceMatrix,whitefrostbite,whitefrostbite@frostnet.org,False	
White Frostbite,1EDTiJteb2hv,CryoStorage,whitefrostbite,whitefrostbite@frostnet.org,False	
Echo Storm,ZVC1qJXYVyuX,PermaLink,echostorm,echostorm@chillmail.com,False	
Kai Keeper,&K0M3j7WiEmE,PolarAnalytics,kaikeeper,kaikeeper@arcticmail.io,False	
Mira Whiteout,lCOQWv1YsrtT,ChillComm,mirawhiteout,mirawhiteout@icehackers.net,False	
Ice Frost,*RBLVUGoTPLi,ArcticFlow,icefrost,icefrost@arcticmail.io,False	
Mira Hailstorm,klLE8#**ql0S,CryoStorage,mirahailstorm,mirahailstorm@subzero.net,False	
Kai Fang,uUzqZ!G69pjO,PermafrostDesk,kaifang,kaifang@frostnet.org,False	
Ice Keeper,Lj7Y4E@enm62,IceHub,icekeeper,icekeeper@chillmail.com,False	
Polar Storm,@64!nB7#VCB4,SubZeroCore,polarstorm,polarstorm@icevault.net,False	
Kai Keeper,1yBc@FsEx15y,PolarAnalytics,kaikeeper,kaikeeper@chillmail.com,False	
Ice Keeper,sbPq5p$!&dgH,FrozenAssets,icekeeper,icekeeper@frozenmail.org,False	
Nova Glacier,hJn@Eepjnpxg,GlacierDocs,novaglacier,novaglacier@icemail.org,False	
Snow Storm,qbIb#3vTJy&u,GlacierSync,snowstorm,snowstorm@frostnet.org,False	
White Ice,TOBEp$#3q&hB,AvalancheMail,whiteice,whiteice@snowsignal.org,False	
Vega Hailstorm,xcW%aOUVlzrC,IceBridge,vegahailstorm,vegahailstorm@arcticmail.io,False	
Perma Frostbite,zJ@eRG4h6OG#,ChillDrive,permafrostbite,permafrostbite@chillmail.com,False	
Polar Frost,VDTCmzGQOo&x,IceSphere,polarfrost,polarfrost@frostnet.org,False	
Ice Reaper,hWv%vj!YH%iK,ArcticDocs,icereaper,icereaper@snowsignal.org,False	
Ice Reaper,hWv%vj!YH%iK,IceSphere,icereaper,icereaper@snowsignal.org,False	
Nova Ice,uUAAonO%p03r,SnowSignal,novaice,novaice@subzero.net,False	
Sierra Shadow,lJ4z&f0wr!Vf,PermaLink,sierrashadow,sierrashadow@icehackers.net,False	
Arctic Snow,ja7Ltx@7kcMQ,IceSphere,arcticsnow,arcticsnow@snowsignal.org,False	
Sierra Ghost,%a#fiMXUzutS,WhiteoutManager,sierraghost,sierraghost@icemail.org,False	
Perma Ice,v4JKA*NZqOxg,ChillDrive,permaice,permaice@subzero.net,False	
Perma Keeper,rLf6q*rdzjxu,SubZeroCRM,permakeeper,permakeeper@chillmail.com,False	
Glacier Warden,tU!EWKlpzFTP,FrostChain,glacierwarden,glacierwarden@chillmail.com,False	
Luna Storm,yMlxasXwNnB9,FrozenCore,lunastorm,lunastorm@icevault.net,False	
White Frostbite,1EDTiJteb2hv,PermafrostCore,whitefrostbite,whitefrostbite@frostnet.org,False	
Polar Frost,VDTCmzGQOo&x,ArcticCloud,polarfrost,polarfrost@frostnet.org,False	
Chill Byte,*3JzGjHI%@oX,SnowSignal,chillbyte,chillbyte@subzero.net,False	
Chill Byte,*3JzGjHI%@oX,IceBridge,chillbyte,chillbyte@subzero.net,False	
Ice Warden,G4Ff7NG3T@@y,GlacierVault,icewarden,icewarden@frozenmail.org,False	
Rex Sentinel,LYRsVEtlEcFF,FrostField,rexsentinel,rexsentinel@icehackers.net,False	
Ice Frost,*RBLVUGoTPLi,ArcticPortal,icefrost,icefrost@arcticmail.io,False	
Perma Ice,q!IAZ934H3f$,SubZeroCore,permaice,permaice@icemail.org,False	
Luna Wolf,qU8zI@VE9I^T,GlacierVault,lunawolf,lunawolf@icemail.org,False	
Orion Keeper,yhm9c$6jwo^7,FrozenFleet,orionkeeper,orionkeeper@snowsignal.org,False	
Echo Sentinel,U*m9SiF@DShO,SnowSignal,echosentinel,echosentinel@icemail.org,False	
Vega Shadow,m!0O1qRH8afk,ArcticPortal,vegashadow,vegashadow@arcticmail.io,False	
Hail Whiteout,L5$Cn^vGYyt3,CryoStorage,hailwhiteout,hailwhiteout@arcticmail.io,False	
Luna Fang,b$oH%SQd7ZMm,ChillComm,lunafang,lunafang@glaciermail.com,False	
Luna Keeper,YgPH!4k&P@X*,WhiteoutCloud,lunakeeper,lunakeeper@subzero.net,False	
Orion Keeper,yhm9c$6jwo^7,ArcticCloud,orionkeeper,orionkeeper@snowsignal.org,False	
Glacier Permafrost,9Z^g*F#VJGvO,PolarTrack,glacierpermafrost,glacierpermafrost@glaciermail.com,False	
Vega Storm,9i@J%mk^UmIG,ArcticDocs,vegastorm,vegastorm@chillmail.com,False	
Glacier Storm,DM@g9LpvHF&l,FrostChain,glacierstorm,glacierstorm@icehackers.net,False	
Arctic Reaper,Oyj6Kn#7!sTQ,FrozenFleet,arcticreaper,arcticreaper@snowsignal.org,False	
White Fang,r#O$qcsP@CVL,FrostChain,whitefang,whitefang@icevault.net,False	
Luna Frost,67$P&c&ICNoN,GlacierVault,lunafrost,lunafrost@snowsignal.org,False	
Frost Ghost,Qxt&!eix0vk2,Snowstorm,frostghost,frostghost@frozenmail.org,False	
Arctic Snowshadow,aotpKbAr7h&G,BlizzardStream,arcticsnowshadow,arcticsnowshadow@subzero.net,False	
Sierra Warden,FT*Aw@PvbN45,PermafrostDesk,sierrawarden,sierrawarden@glaciermail.com,False	
Glacier Reaper,ltpiICEmHoDP,PolarEdge,glacierreaper,glacierreaper@arcticmail.io,False	
Ice Frostbite,!gVUGLT@kddg,IcicleDesk,icefrostbite,icefrostbite@subzero.net,False	
Polar Ghost,BuRz70^Qf9UU,BlizzardStream,polarghost,polarghost@frostnet.org,False	
Glacier Fang,#IEdPmpqJmMd,IceSphere,glacierfang,glacierfang@snowsignal.org,False	
Nova Storm,hnZUNjMEawzW,BlizzardAPI,novastorm,novastorm@snowsignal.org,False	
Rex Frost,NrHkT5vQR&wS,PolarAnalytics,rexfrost,rexfrost@icemail.org,False	
Perma Keeper,Zuc9Y!yosHQH,FrostGuard,permakeeper,permakeeper@icemail.org,False	
Vega Permafrost,Yfv4tt#wdSWB,SubZeroCRM,vegapermafrost,vegapermafrost@chillmail.com,False	
Chill Reaper,a1LxHS1ChjXp,FrostField,chillreaper,chillreaper@icevault.net,False	
Polar Frost,VDTCmzGQOo&x,FrozenAssets,polarfrost,polarfrost@frostnet.org,False	
Snow Whiteout,66$qf!fx%RDk,ArcticPulse,snowwhiteout,snowwhiteout@subzero.net,False	
Vega Reaper,FpA8U6DgQ9s3,FrozenCore,vegareaper,vegareaper@icemail.org,False	
Echo Wolf,AgPeET%6HGHY,PermaLink,echowolf,echowolf@arcticmail.io,False	
Arctic Blizzard,0NFu%zwPsx6F,FrozenAssets,arcticblizzard,arcticblizzard@arcticmail.io,False	
Echo Frostbite,0^X8r3m!4x$Y,FrozenFleet,echofrostbite,echofrostbite@frozenmail.org,False	
Glacier Snow,g0rU2rLWKp!d,SnowFox,glaciersnow,glaciersnow@frostnet.org,False	
Mira Frostbite,5reu#UIxD^tr,PermafrostCore,mirafrostbite,mirafrostbite@icemail.org,False	
Sierra Fang,DcjyWK$aKLku,PolarEdge,sierrafang,sierrafang@snowsignal.org,False	
Snow Glacier,hDa728yG#sBM,FrozenQueue,snowglacier,snowglacier@icemail.org,False	
Frost Frost,#aT*9iuqnLMx,SubZeroCore,frostfrost,frostfrost@frozenmail.org,False	
Mira Keeper,*6KFCtztvZ*L,ArcticFlow,mirakeeper,mirakeeper@frostnet.org,False	
Sierra Ice,%zEeI2jSLtTz,IcicleDesk,sierraice,sierraice@icemail.org,False	
Ice Keeper,Lj7Y4E@enm62,PolarEdge,icekeeper,icekeeper@chillmail.com,False	
Snow Frostbite,c@#EpeRbN6bV,PermafrostCore,snowfrostbite,snowfrostbite@frostnet.org,False	
Rex Wolf,#wImv&aItFtB,CryoSync,rexwolf,rexwolf@arcticmail.io,False	
Arctic Reaper,Oyj6Kn#7!sTQ,IcicleDesk,arcticreaper,arcticreaper@snowsignal.org,False	
Nova Whiteout,Yzk8tPC!U&V6,ArcticFlow,novawhiteout,novawhiteout@snowsignal.org,False	
Hail Shadow,Zpwm0bonIJ1Q,FrozenFleet,hailshadow,hailshadow@icehackers.net,False	
Nova Wolf,U7fmJ3$4o@*J,SnowFox,novawolf,novawolf@subzero.net,False	
Chill Byte,*3JzGjHI%@oX,FrozenFleet,chillbyte,chillbyte@subzero.net,False	
Frost Ghost,Qxt&!eix0vk2,ArcticPortal,frostghost,frostghost@frozenmail.org,False	
Mira Storm,43RlfqUfCJ2P,PolarEdge,mirastorm,mirastorm@icevault.net,False	
Mira Keeper,*6KFCtztvZ*L,ArcticDocs,mirakeeper,mirakeeper@frostnet.org,False	
Mira Keeper,*6KFCtztvZ*L,PolarTrack,mirakeeper,mirakeeper@frostnet.org,False	
Polar Ghost,K0CnK%yy%%3w,HailstormHub,polarghost,polarghost@subzero.net,False	
Nova Whiteout,2y3s^oU9H7LP,WhiteoutCloud,novawhiteout,novawhiteout@icevault.net,False	
Kai Frostbite,IAjDT%niamGO,IceBridge,kaifrostbite,kaifrostbite@chillmail.com,False	
Polar Fang,iezyaaPzG7sY,SubZeroChat,polarfang,polarfang@frostnet.org,False	
Glacier Frost,E8C4VOOdYgwm,ArcticDocs,glacierfrost,glacierfrost@glaciermail.com,False	
White Ice,TOBEp$#3q&hB,PolarEdge,whiteice,whiteice@snowsignal.org,False	
Polar Whiteout,UrDh2yFenD!p,ArcticPortal,polarwhiteout,polarwhiteout@icehackers.net,False	
Arctic Blizzard,0NFu%zwPsx6F,SubZeroChat,arcticblizzard,arcticblizzard@arcticmail.io,False	
Frost Snow,XeN6ZRP4ri6B,IcicleFiles,frostsnow,frostsnow@subzero.net,False	
Vega Storm,9i@J%mk^UmIG,PermafrostCore,vegastorm,vegastorm@chillmail.com,False	
Hail Shadow,uMG%rA0xW9Lw,HailstormHub,hailshadow,hailshadow@glaciermail.com,False	
Polar Reaper,eDwBLQrLMh!B,BlizzardAPI,polarreaper,polarreaper@snowsignal.org,False	
Perma Ice,q!IAZ934H3f$,IceMatrix,permaice,permaice@icemail.org,False	
Mira Sentinel,U0fUIf85o2HP,SnowOps,mirasentinel,mirasentinel@arcticmail.io,False	
Ice Whiteout,sfLSk&K$uZmL,IceSphere,icewhiteout,icewhiteout@frozenmail.org,False	
Hail Wolf,X!6E58bv2r9y,SnowFox,hailwolf,hailwolf@frozenmail.org,False	
Glacier Warden,tU!EWKlpzFTP,SubZeroChat,glacierwarden,glacierwarden@chillmail.com,False	
Luna Wolf,cybZs*MiFE8e,FrostField,lunawolf,lunawolf@snowsignal.org,False	
Snow Reaper,1Hl@67UN9FTE,FrostVault,snowreaper,snowreaper@subzero.net,False	
Snow Reaper,1Hl@67UN9FTE,SubZeroChat,snowreaper,snowreaper@subzero.net,False	
Vega Permafrost,Yfv4tt#wdSWB,GlacierSync,vegapermafrost,vegapermafrost@chillmail.com,False	
Echo Storm,ZVC1qJXYVyuX,SubZeroCRM,echostorm,echostorm@chillmail.com,False	
Nova Whiteout,2y3s^oU9H7LP,WhiteoutCloud,novawhiteout,novawhiteout@icevault.net,False	
Vega Warden,EtavWIr2OdP8,CryoStorage,vegawarden,vegawarden@frozenmail.org,False	
Arctic Blizzard,ZLqG67miwJ9c,FrostField,arcticblizzard,arcticblizzard@frostnet.org,False	
Nova Glacier,82&A!Qf9#wdG,FrozenFleet,novaglacier,novaglacier@snowsignal.org,False	
Rex Byte,9q^XAVspB#3B,PolarTrack,rexbyte,rexbyte@icehackers.net,False	
White Fang,r#O$qcsP@CVL,FrostVault,whitefang,whitefang@icevault.net,False	
Echo Sentinel,U*m9SiF@DShO,IcicleFiles,echosentinel,echosentinel@icemail.org,False	
Chill Blizzard,vy6V4hroMBi#,HailstormHub,chillblizzard,chillblizzard@snowsignal.org,False	
Glacier Snow,x*Lp9nkBu!Jr,FrozenAssets,glaciersnow,glaciersnow@frostnet.org,False	
Frost Whiteout,TtAkcz#eJkgf,ArcticDocs,frostwhiteout,frostwhiteout@frozenmail.org,False	
Luna Warden,IKAZDikT4HtP,HailNet,lunawarden,lunawarden@icevault.net,False	
Sierra Warden,FT*Aw@PvbN45,IcicleFiles,sierrawarden,sierrawarden@glaciermail.com,False	
Perma Ice,v4JKA*NZqOxg,PolarEdge,permaice,permaice@subzero.net,False	
Arctic Snow,ja7Ltx@7kcMQ,ArcticPortal,arcticsnow,arcticsnow@snowsignal.org,False	
Vega Storm,9i@J%mk^UmIG,IceBridge,vegastorm,vegastorm@chillmail.com,False	
Orion Whiteout,6U5&&Istmqd^,SnowSignal,orionwhiteout,orionwhiteout@frostnet.org,False	